text,confidence,category
"SFMTA projects a structural deficit of about $307 million beginning in July 2026, growing to roughly $434 million by July 2030.",high,fiscal
"SFMTA says it has already reduced what would have been a roughly $440 million FY26-27 deficit to $307 million through internal cost savings, efficiencies, strategic service reductions, and transit-priority upgrades.",high,fiscal
"Official SFMTA materials frame the near-term budget solution as a mix of one-time revenue, agency efficiencies/new enterprise revenue, and regional/local ballot measures rather than a single funding source.",high,fiscal
"The Muni Funding Working Group explicitly reviewed efficiency improvements, new funding sources, service cuts, and service enhancements before prioritizing six combined packages.",high,operations
Current public feedback collected by SFMTA has leaned strongly toward protecting service and favoring revenue-raising options over deeper cuts.,medium,operations
"Free Muni for Youth already exists in San Francisco for riders age 18 and under on regular Muni service, regardless of income or residency.",high,access
"Free Muni for Youth is universal rather than means-tested, which lowers administrative friction and stigma compared with income-screened fare programs.",medium,equity
Free Muni for Seniors in San Francisco is not universal; it is limited to low- and moderate-income SF residents age 65+ using Clipper.,high,equity
"Because San Francisco already operates free-fare programs for youth and low-income seniors, a broader fare-free proposal is an expansion of existing policy logic, not a completely novel concept.",high,equity
The SFMTA Board of Directors has direct policy oversight over Muni and is the first formal approval point for fare-policy changes.,high,operations
The Board of Supervisors matters because the city budget process can accept or reject an SFMTA budget once forwarded by the Mayor under the Charter.,high,fiscal
The Mayor is a central veto player in city appropriations because the Charter allows the Mayor to reduce or reject expenditures adopted by the Board of Supervisors.,high,fiscal
A free-Muni proposal that creates ongoing operating costs is more politically viable if paired with a recurring revenue source rather than one-time bridge money.,high,fiscal
The proposed Connect Bay Area regional sales-tax measure could send Muni about $155 million per year if approved by voters in November 2026.,high,fiscal
The proposed local Muni parcel tax has been described as generating about $150 million annually for operating deficit reduction plus about $10 million for service improvements if approved.,high,fiscal
"The 2026 state transit rescue for Bay Area operators is a loan, not a grant, so it can stabilize service in the short term but does not solve Muni's structural operating gap.",high,fiscal
"State Transit Assistance block-grant funds can legally support both operating and capital transit purposes, which makes them relevant to a targeted fare-free pilot or lifeline-service strategy.",high,fiscal
"California's Low Carbon Transit Operations Program can fund both operating and capital assistance, especially for services benefiting disadvantaged communities.",high,equity
"Employer-based transit partnerships already exist in San Francisco through commuter-benefit rules and SFMTA's commute-support programs, so institutional pass partnerships are politically more familiar than brand-new mechanisms.",high,access
"Kansas City shows that fare-free transit can be implemented at city scale, but its later retreat also shows that programs funded with unstable or temporary money are vulnerable.",high,fiscal
"Tallinn suggests fare-free transit can help arrest ridership decline and improve access, but it does not automatically produce a large car-to-transit mode shift.",high,ridership
"Luxembourg shows that fare-free transit can be adopted at national scale, but its wealth, national governance, and compact geography limit direct comparability to San Francisco.",high,operations
"Richmond/GRTC shows that zero-fare transit can be sustained through grant-backed support, but that model is closer to a pilot or externally supported program than a fully self-sustaining local revenue model.",medium,fiscal
"If Muni service quality continues to decline, 'fix service first' becomes a stronger objection to fare-free expansion.",high,operations
"Conversely, if service cuts become imminent, fare-free policy can be reframed as part of a broader revenue-and-access package rather than as a standalone giveaway.",medium,operations
"Fare-free transit is strongest politically when it is framed around access, youth/senior mobility, and economic relief rather than only around ideology.",medium,equity
"Targeted discount programs usually cost less than universal free-fare programs, but they also preserve application barriers and lower take-up among eligible riders.",medium,equity
"Universal fare-free policies eliminate fare-enforcement disputes at the point of boarding because there is no fare transaction to police for the eligible group or, in a fully free system, for anyone.",high,operations
"Removing fares by itself does not solve operator shortages, maintenance backlogs, subway reliability problems, or street congestion that slows buses.",high,operations
"A full fare-free Muni proposal would likely need to move through SFMTA staff development, SFMTA Board action, funding approval, city budget incorporation, and operational implementation.",high,operations
"The strongest near-term political windows are tied to the FY26-27 budget process, the 2026 ballot cycle, and any future trigger event that raises the cost of inaction on transit funding.",high,operations
"Because the chatbot is supposed to be audience-aware, objection entries and audience-specific response packets are the highest-priority research deliverables for the first batch.",high,operations
